{"H2_A1_TG_DS1_40":{"0":2.75172246100297E-14,"1":2.855823216796338E-13,"2":9.561544264680145E-14,"3":1.339873524630608E-13,"4":8.48464180858155E-13,"5":2.633544624779452E-11,"6":6.375802663605157E-15,"7":9.331016861957586E-14,"8":5.636810462839037E-14,"9":4.9792288348005086E-14},"H2_A1_TG_DS1_80":{"0":1.5007954948242918E-12,"1":3.0097686279026426E-12,"2":2.1383306366903886E-13,"3":3.1103829364539925E-13,"4":2.8510983721488637E-13,"5":1.8588613788961436E-13,"6":1.8305522381115504E-12,"7":2.7622721384540362E-12,"8":3.744644351544313E-12,"9":7.35573711316273E-14},"H2_A1_TG_DS1_10":{"0":1.1560197243909442E-15,"1":1.3287981825982342E-15,"2":1.2127451820553859E-15,"3":5.641320743876577E-15,"4":2.6825763832505346E-15,"5":1.2016776462786538E-14,"6":3.552713678800501E-16,"7":2.6162405575291815E-14,"8":1.279532035880493E-15,"9":3.6394498525993415E-16},"H2_A1_TG_DS1_20":{"0":1.7385134998271213E-12,"1":7.679447355801727E-15,"2":9.730410921449106E-15,"3":6.326068141548902E-14,"4":8.19226630976999E-14,"5":2.3007182096967947E-14,"6":6.441917485555671E-12,"7":1.0485709522889408E-13,"8":1.9052993774706928E-14,"9":1.8990105061372773E-12}}